case_id,step,time_s,path_coordinate,nsub,accepted_substeps,reversal_registered,deps_xx,deps_yy,deps_zz,deps_xy,deps_yz,deps_xz,strain_total_xx,strain_total_yy,strain_total_zz,strain_total_xy,strain_total_yz,strain_total_xz,engineering_gamma_xz,mean_effective_pressure,q,ru_vertical,ru_mean,compatibility_residual,stress_xx,stress_yy,stress_zz,stress_xy,stress_yz,stress_xz,alpha_xx,alpha_yy,alpha_zz,alpha_xy,alpha_yz,alpha_xz,alpha0_xx,alpha0_yy,alpha0_zz,alpha0_xy,alpha0_yz,alpha0_xz,alpha01_xx,alpha01_yy,alpha01_zz,alpha01_xy,alpha01_yz,alpha01_xz,n_xx,n_yy,n_zz,n_xy,n_yz,n_xz,fabric_xx,fabric_yy,fabric_zz,fabric_xy,fabric_yz,fabric_xz,D,beta,lambda_total,ep_eq_since_reversal,void_ratio,reversals,pressure_floor_hits,denominator_floor_hits,beta_fallbacks,eps_v_total,eps_v_confining,eps_v_irreversible,eps_v_reversible,pressure_anchor,D_ir,D_re,last_reversal_deviator_xx,last_reversal_deviator_yy,last_reversal_deviator_zz,last_reversal_deviator_xy,last_reversal_deviator_yz,last_reversal_deviator_xz,cyclic_amplitude,amplitude_factor,amplitude_reversals,initial_relative_state,state_contraction_factor,effective_knee_ratio,geostatic_deviator_xx,geostatic_deviator_yy,geostatic_deviator_zz,geostatic_deviator_xy,geostatic_deviator_yz,geostatic_deviator_xz,static_bias_tensor_xx,static_bias_tensor_yy,static_bias_tensor_zz,static_bias_tensor_xy,static_bias_tensor_yz,static_bias_tensor_xz,cyclic_direction_xx,cyclic_direction_yy,cyclic_direction_zz,cyclic_direction_xy,cyclic_direction_yz,cyclic_direction_xz,static_bias_index,cyclic_phase_active,bias_ratchet_strain,physical_eps_v_total,bias_reversible_volume,last_host_deviatoric_strain_direction_xx,last_host_deviatoric_strain_direction_yy,last_host_deviatoric_strain_direction_zz,last_host_deviatoric_strain_direction_xy,last_host_deviatoric_strain_direction_yz,last_host_deviatoric_strain_direction_xz
cyclic_bias025_four_substeps,0,0,0,0,0,0,0,0,0,0,0,0,0,0,0,0,0,0,0,26.266666666666666,26.913936910084338,0,0,0,-19.399999999999999,-19.399999999999999,-40,0,0,10,0.26142131979695432,0.26142131979695432,-0.52284263959390864,0,0,0.38071065989847719,0,0,0,0,0,0,0,0,0,0,0,0,0,0,0,0,0,0,0,0,0,0,0,0,0.022762513538476494,1000,0,0,0.60099999999999998,0,0,0,0,0,0,0,0,26.266666666666666,0.022762513538476494,0,6.8666666666666671,6.8666666666666671,-13.733333333333334,0,0,10,0,1,0,0.44056333229410505,1.0000000000383171,0.84999999998146036,6.8666666666666671,6.8666666666666671,-13.733333333333334,0,0,10,0,0,0,0,0,0.38071065989847719,0,0,0,0,0,0,0.5384061785684372,1,0,0,0,0,0,0,0,0,0
cyclic_bias025_four_substeps,1,0.001,0.03125,4,4,0,0,0,0,0,0,0.00048772580504032064,0,0,0,0,0,0.00048772580504032064,0.00097545161008064129,26.705113594940894,34.123947984975146,0.16854920153441721,-0.016692141939374183,0,-23.42865442309968,-23.42865442309968,-33.258031938623311,0,0,18.866435485084864,0.12269032895864243,0.12269032895864243,-0.24538065791728464,0,0,0.70647276664866854,0,0,0,0,0,0,0,0,0,0,0,0,0.11759561258279126,0.11759561258279126,-0.2351912251655823,0,0,0.67713648233117252,-0.0038303024331883136,-0.0038303024331883136,0.0076606048663766264,0,0,-0.011846638510224555,-0.023574401245414968,9.9999999999999995e-07,0.00043362823470381837,0.00043362823470381837,0.60099999999999998,0,0,0,0,0,-9.8815768273021395e-06,0,9.8815768273021395e-06,26.266666666666666,0,-0.023574401245414968,6.8666666666666671,6.8666666666666671,-13.733333333333334,0,0,10,0,1,0,0.44056333229410505,1.0000000000383171,0.84999999998146036,6.8666666666666671,6.8666666666666671,-13.733333333333334,0,0,10,0,0,0,0,0,0.38071065989847719,0,0,0,0,0,0,0.5384061785684372,1,0,0,0,0,0,0,0,0,0.70710678118654746
cyclic_bias025_four_substeps,2,0.002,0.0625,4,4,0,0,0,0,0,0,0.00046898277587240387,0,0,0,0,0,0.00095670858091272452,0.001913417161825449,27.374601319485816,34.977982976546841,0.25911771807501016,-0.042180253279916924,0,-26.244256340728921,-26.244256340728921,-29.635291276999595,0,0,20.099421012959489,0.041291742135885975,0.041291742135885975,-0.082583484271771868,0,0,0.7342361183047551,0,0,0,0,0,0,0,0,0,0,0,0,0.039578732043067909,0.039578732043067909,-0.079157464086135734,0,0,0.70377593871173882,-0.006170512429070971,-0.006170512429070971,0.012341024858141932,0,0,-0.03184564827332273,-0.023564114148837943,9.9999999999999995e-07,0.0010652330831494251,0.0010652330831494251,0.60099999999999998,0,0,0,0,0,-2.476884568410255e-05,0,2.476884568410255e-05,26.266666666666666,0,-0.023564114148837943,6.8666666666666671,6.8666666666666671,-13.733333333333334,0,0,10,0,1,0,0.44056333229410505,1.0000000000383171,0.84999999998146036,6.8666666666666671,6.8666666666666671,-13.733333333333334,0,0,10,0,0,0,0,0,0.38071065989847719,0,0,0,0,0,0,0.5384061785684372,1,0,0,0,0,0,0,0,0,0.70710678118654746
cyclic_bias025_four_substeps,3,0.0030000000000000001,0.09375,4,4,0,0,0,0,0,0,0.00043221700163628089,0,0,0,0,0,0.0013889255825490054,0.0027778511650980108,28.013663276470879,35.793162949762227,0.27841208937792106,-0.066510023215896386,0,-27.588736702264736,-27.588736702264736,-28.863516424883159,0,0,20.652081820864389,0.015168547219707706,0.015168547219707706,-0.030337094439415516,0,0,0.73721460906579839,0,0,0,0,0,0,0,0,0,0,0,0,0.014539833856186906,0.014539833856186906,-0.029079667712373913,0,0,0.70665817740566994,-0.00689037316898622,-0.00689037316898622,0.013780746337972426,0,0,-0.0508555795833305,-0.023554458204716966,9.9999999999999995e-07,0.0016590878864580663,0.0016590878864580663,0.60099999999999998,0,0,0,0,0,-3.8760356999159931e-05,0,3.8760356999159931e-05,26.266666666666666,0,-0.023554458204716966,6.8666666666666671,6.8666666666666671,-13.733333333333334,0,0,10,0,1,0,0.44056333229410505,1.0000000000383171,0.84999999998146036,6.8666666666666671,6.8666666666666671,-13.733333333333334,0,0,10,0,0,0,0,0,0.38071065989847719,0,0,0,0,0,0,0.5384061785684372,1,0,0,0,0,0,0,0,0,0.70710678118654746
cyclic_bias025_four_substeps,4,0.0040000000000000001,0.125,4,4,0,0,0,0,0,0,0.00037884137041736322,0,0,0,0,0,0.0017677669529663686,0.0035355339059327372,28.582763571793777,36.519066425308694,0.27624328193701664,-0.088176278113976325,0,-28.399010996430999,-28.399010996430999,-28.950268722519336,0,0,21.08189055007114,0.0064287896760308709,0.0064287896760308709,-0.012857579352061797,0,0,0.73757355537430624,0,0,0,0,0,0,0,0,0,0,0,0,0.0061625349799356993,0.0061625349799356993,-0.012325069959871451,0,0,0.70702621555912848,-0.0070998284442988458,-0.0070998284442988458,0.014199656888597676,0,0,-0.067452622555901121,-0.023545988626322713,9.9999999999999995e-07,0.0021807654214862529,0.0021807654214862529,0.60099999999999998,0,0,0,0,0,-5.1046531318696321e-05,0,5.1046531318696321e-05,26.266666666666666,0,-0.023545988626322713,6.8666666666666671,6.8666666666666671,-13.733333333333334,0,0,10,0,1,0,0.44056333229410505,1.0000000000383171,0.84999999998146036,6.8666666666666671,6.8666666666666671,-13.733333333333334,0,0,10,0,0,0,0,0,0.38071065989847719,0,0,0,0,0,0,0.5384061785684372,1,0,0,0,0,0,0,0,0,0.70710678118654746
cyclic_bias025_four_substeps,5,0.0050000000000000001,0.15625,4,4,0,0,0,0,0,0,0.00031090707778999452,0,0,0,0,0,0.0020786740307563631,0.0041573480615127263,29.05537233269321,37.121868048239435,0.26891386672174589,-0.10616899743755881,0,-28.961335833474735,-28.961335833474735,-29.243445331130165,0,0,21.431701609393443,0.0032364582405527767,0.0032364582405527767,-0.0064729164811057728,0,0,0.73761579662424137,0,0,0,0,0,0,0,0,0,0,0,0,0.0031025033544050721,0.0031025033544050721,-0.0062050067088103549,0,0,0.70708636206534758,-0.0071525709146389995,-0.0071525709146389995,0.014305141829277985,0,0,-0.080983849992125365,-0.023539044453003706,9.9999999999999995e-07,0.0026090274017970694,0.0026090274017970694,0.60099999999999998,0,0,0,0,0,-6.1129267553515954e-05,0,6.1129267553515954e-05,26.266666666666666,0,-0.023539044453003706,6.8666666666666671,6.8666666666666671,-13.733333333333334,0,0,10,0,1,0,0.44056333229410505,1.0000000000383171,0.84999999998146036,6.8666666666666671,6.8666666666666671,-13.733333333333334,0,0,10,0,0,0,0,0,0.38071065989847719,0,0,0,0,0,0,0.5384061785684372,1,0,0,0,0,0,0,0,0,0.70710678118654757
cyclic_bias025_four_substeps,6,0.0060000000000000001,0.1875,4,4,0,0,0,0,0,0,0.00023102480052185391,0,0,0,0,0,0.0023096988312782171,0.0046193976625564341,29.409748071076123,37.57385192698051,0.26185896864907965,-0.11966045955873561,0,-29.351801479595778,-29.351801479595778,-29.525641254036813,0,0,21.693041344814386,0.0019703192064176316,0.0019703192064176316,-0.0039406384128352337,0,0,0.73761398065660555,0,0,0,0,0,0,0,0,0,0,0,0,0.0018888079632638174,0.0018888079632638174,-0.0037776159265276066,0,0,0.70709921313308921,-0.0071585737588145395,-0.0071585737588145395,0.014317147517629069,0,0,-0.090982081486248728,-0.023533889216339494,9.9999999999999995e-07,0.0029272738746806623,0.0029272738746806623,0.60099999999999998,0,0,0,0,0,-6.8619870081860335e-05,0,6.8619870081860335e-05,26.266666666666666,0,-0.023533889216339494,6.8666666666666671,6.8666666666666671,-13.733333333333334,0,0,10,0,1,0,0.44056333229410505,1.0000000000383171,0.84999999998146036,6.8666666666666671,6.8666666666666671,-13.733333333333334,0,0,10,0,0,0,0,0,0.38071065989847719,0,0,0,0,0,0,0.5384061785684372,1,0,0,0,0,0,0,0,0,0.70710678118654746
cyclic_bias025_four_substeps,7,0.0070000000000000001,0.21875,4,4,0,0,0,0,0,0,0.00014226436972985916,0,0,0,0,0,0.0024519632010080762,0.0049039264020161524,29.629325225501294,37.853902648649793,0.25709905730485116,-0.12801999589471924,0,-29.58596898434897,-29.58596898434897,-29.716037707805953,0,0,21.854831867427961,0.0014632881721859214,0.0014632881721859214,-0.0029265763443719877,0,0,0.73760815344582997,0,0,0,0,0,0,0,0,0,0,0,0,0.0014027703956179078,0.0014027703956179078,-0.0028055407912359544,0,0,0.70710260691476146,-0.0071540886358175048,-0.0071540886358175048,0.014308177271634999,0,0,-0.097114342320882854,-0.023530716715474152,9.9999999999999995e-07,0.0031232524762098189,0.0031232524762098189,0.60099999999999998,0,0,0,0,0,-7.3231775601291421e-05,0,7.3231775601291421e-05,26.266666666666666,0,-0.023530716715474152,6.8666666666666671,6.8666666666666671,-13.733333333333334,0,0,10,0,1,0,0.44056333229410505,1.0000000000383171,0.84999999998146036,6.8666666666666671,6.8666666666666671,-13.733333333333334,0,0,10,0,0,0,0,0,0.38071065989847719,0,0,0,0,0,0,0.5384061785684372,1,0,0,0,0,0,0,0,0,0.70710678118654757
cyclic_bias025_four_substeps,8,0.0080000000000000002,0.25,4,4,0,0,0,0,0,0,4.8036798991923837e-05,0,0,0,0,0,0.0025000000000000001,0.0050000000000000001,29.703700173066466,37.948760091970463,0.25543698396206804,-0.1308515294314645,0,-29.664289938841055,-29.664289938841055,-29.78252064151728,0,0,21.909620520210407,0.0013267786166635909,0.0013267786166635909,-0.0026535572333269372,0,0,0.73760576603438577,0,0,0,0,0,0,0,0,0,0,0,0,0.0012719119710613812,0.0012719119710613812,-0.0025438239421225277,0,0,0.70710334939088904,-0.0071515331535727924,-0.0071515331535727924,0.014303066307145574,0,0,-0.099180459566381982,-0.023529645857232655,9.9999999999999995e-07,0.0031894267526264533,0.0031894267526264533,0.60099999999999998,0,0,0,0,0,-7.4788877178843209e-05,0,7.4788877178843209e-05,26.266666666666666,0,-0.023529645857232655,6.8666666666666671,6.8666666666666671,-13.733333333333334,0,0,10,0,1,0,0.44056333229410505,1.0000000000383171,0.84999999998146036,6.8666666666666671,6.8666666666666671,-13.733333333333334,0,0,10,0,0,0,0,0,0.38071065989847719,0,0,0,0,0,0,0.5384061785684372,1,0,0,0,0,0,0,0,0,0.70710678118654746
cyclic_bias025_four_substeps,9,0.0090000000000000011,0.28125,4,4,1,0,0,0,0,0,-4.8036798991923837e-05,0,0,0,0,0,0.0024519632010080762,0.0049039264020161524,30.470580706689635,36.629407666261514,0.23626556622144279,-0.16004748883336184,0,-30.431182384463312,-30.431182384463312,-30.54937735114229,0,0,21.147888278588869,0.0012929954504502178,0.0012929954504502178,-0.0025859909009004357,0,0,0.69404283699607905,0.0013267786166635909,0.0013267786166635909,-0.0026535572333269372,0,0,0.73760576603438577,0,0,0,0,0,0,0.0012548675660069811,0.0012548675660069811,-0.002509735132027075,0,0,-0.70710344075119258,-0.0071515331535727924,-0.0071515331535727924,0.014303066307145574,0,0,-0.099180459566381982,0.036502847336935408,56.637449354334578,0.003190849313327423,1.4225607009699236e-06,0.60099999999999998,1,0,0,0,-1.5952841911720741e-05,-9.0698361516828875e-05,-1.1444578219648781e-08,7.4756964183327783e-05,26.266666666666666,0.014075758081937071,0.022427089254998336,0.03941023422541079,0.03941023422541079,-0.078820468450814474,0,0,21.909620520210407,0.90361392760311021,12,1,0.44056333229410505,1.0000000000383171,0.84999999998146036,6.8666666666666671,6.8666666666666671,-13.733333333333334,0,0,10,0,0,0,0,0,0.38071065989847719,-0.28764599817373238,-0.28764599817373238,0.57529199634746508,0,0,0.50177618437298455,0.5384061785684372,1,0,0,-1.5952841911720741e-05,0,0,0,0,0,-0.70710678118654746
cyclic_bias025_four_substeps,10,0.01,0.3125,4,4,0,0,0,0,0,0,-0.00014226436972985916,0,0,0,0,0,0.0023096988312782171,0.0046193976625564341,30.386091881557775,35.076309658588585,0.23838170921812896,-0.156830909196362,0,-30.346772006699243,-30.346772006699243,-30.464731631274841,0,0,20.25120230827596,0.0012940089502722686,0.0012940089502722686,-0.0025880179005446542,0,0,0.6664628800312099,0.0013267786166635909,0.0013267786166635909,-0.0026535572333269372,0,0,0.73760576603438577,0,0,0,0,0,0,0.0012223652723315679,0.0012223652723315679,-0.0024447305446720236,0,0,-0.70710361155167567,-0.0071515331535727924,-0.0071515331535727924,0.014303066307145574,0,0,-0.099180459566381982,0.069808180198208919,25.694683307464167,0.0032004218036883561,1.0995051061903092e-05,0.60099999999999998,1,0,0,0,-1.4688409136600008e-05,-8.8958430782256232e-05,-2.724873289624527e-07,7.4542508974618669e-05,26.266666666666666,0.047445427505823326,0.0223627526923856,0.03941023422541079,0.03941023422541079,-0.078820468450814474,0,0,21.909620520210407,0.90361392760311021,12,1,0.44056333229410505,1.0000000000383171,0.84999999998146036,6.8666666666666671,6.8666666666666671,-13.733333333333334,0,0,10,0,0,0,0,0,0.38071065989847719,-0.28764599817373238,-0.28764599817373238,0.57529199634746508,0,0,0.50177618437298455,0.5384061785684372,1,0,0,-1.4688409136600008e-05,0,0,0,0,0,-0.70710678118654757
cyclic_bias025_four_substeps,11,0.010999999999999999,0.34375,4,4,0,0,0,0,0,0,-0.00023102480052185348,0,0,0,0,0,0.0020786740307563636,0.0041573480615127271,30.159062444063327,32.65466581517898,0.24406854029945757,-0.14818765649987298,1.3552527156068805e-20,-30.119964472084146,-30.119964472084146,-30.237258388021697,0,0,18.85305847546849,0.001296392155813893,0.001296392155813893,-0.002592784311627668,0,0,0.62512084088939002,0.0013267786166635909,0.0013267786166635909,-0.0026535572333269372,0,0,0.73760576603438577,0,0,0,0,0,0,0.0012203777745597897,0.0012203777745597897,-0.0024407555491225788,0,0,-0.70710362185061815,-0.0071515331535727924,-0.0071515331535727924,0.014303066307145574,0,0,-0.099180459566381982,0.1405772023783417,13.814107806205522,0.0032280142073527439,3.8587454726290444e-05,0.60099999999999998,1,0,0,0,-1.271710328159431e-05,-8.4267440515576827e-05,-2.3770300355053416e-06,7.3927367269487851e-05,26.266666666666666,0.11839899219749536,0.022178210180846356,0.03941023422541079,0.03941023422541079,-0.078820468450814474,0,0,21.909620520210407,0.90361392760311021,12,1,0.44056333229410505,1.0000000000383171,0.84999999998146036,6.8666666666666671,6.8666666666666671,-13.733333333333334,0,0,10,0,0,0,0,0,0.38071065989847719,-0.28764599817373238,-0.28764599817373238,0.57529199634746508,0,0,0.50177618437298455,0.5384061785684372,1,0,0,-1.271710328159431e-05,0,0,0,0,0,-0.70710678118654757
cyclic_bias025_four_substeps,12,0.012,0.375,4,4,0,0,0,0,0,0,-0.00031090707778999452,0,0,0,0,0,0.0017677669529663691,0.0035355339059327381,29.583644141880413,29.543729429433409,0.25847581577040823,-0.12628086834570107,0,-29.544982528228783,-29.544982528228783,-29.66096736918367,0,0,17.056948692700367,0.00130685771726474,0.00130685771726474,-0.0026137154345293599,0,0,0.57656685602682423,0.0013267786166635909,0.0013267786166635909,-0.0026535572333269372,0,0,0.73760576603438577,0,0,0,0,0,0,0.0012883989456098251,0.0012883989456098251,-0.0025767978912215215,0,0,-0.70710325984573907,-0.0071515331535727924,-0.0071515331535727924,0.014303066307145574,0,0,-0.099180459566381982,0.22764364403985857,8.739537860082228,0.003281454759288845,9.202800666239181e-05,0.60099999999999998,1,0,0,0,-1.0185054292437979e-05,-7.2274144221870916e-05,-1.0660153341593005e-05,7.2749243271025941e-05,26.266666666666666,0.20581887105855079,0.021824772981307781,0.03941023422541079,0.03941023422541079,-0.078820468450814474,0,0,21.909620520210407,0.90361392760311021,12,1,0.44056333229410505,1.0000000000383171,0.84999999998146036,6.8666666666666671,6.8666666666666671,-13.733333333333334,0,0,10,0,0,0,0,0,0.38071065989847719,-0.28764599817373238,-0.28764599817373238,0.57529199634746508,0,0,0.50177618437298455,0.5384061785684372,1,0,0,-1.0185054292437979e-05,0,0,0,0,0,-0.70710678118654757
cyclic_bias025_four_substeps,13,0.013000000000000001,0.40625,4,4,0,0,0,0,0,0,-0.00037884137041736365,0,0,0,0,0,0.0013889255825490054,0.0027778511650980108,28.464417307818241,25.928637771055783,0.28649141800517264,-0.083670709688511868,0,-28.426454321830818,-28.426454321830818,-28.540343279793095,0,0,14.969761587590218,0.001333699740869099,0.001333699740869099,-0.002667399481738073,0,0,0.52591140109088108,0.0013267786166635909,0.0013267786166635909,-0.0026535572333269372,0,0,0.73760576603438577,0,0,0,0,0,0,0.0014289462936073075,0.0014289462936073075,-0.0028578925872186525,0,0,-0.70710244967576663,-0.0071515331535727924,-0.0071515331535727924,0.014303066307145574,0,0,-0.099180459566381982,0.30071526632837631,6.1817061251306651,0.0033619333226396811,0.00017250657001322811,0.60099999999999998,1,0,0,0,-7.2431263674137991e-06,-4.8504765496919361e-05,-2.9747004506255346e-05,7.1008643635760908e-05,26.266666666666666,0.27941267323764801,0.021302593090728274,0.03941023422541079,0.03941023422541079,-0.078820468450814474,0,0,21.909620520210407,0.90361392760311021,12,1,0.44056333229410505,1.0000000000383171,0.84999999998146036,6.8666666666666671,6.8666666666666671,-13.733333333333334,0,0,10,0,0,0,0,0,0.38071065989847719,-0.28764599817373238,-0.28764599817373238,0.57529199634746508,0,0,0.50177618437298455,0.5384061785684372,1,0,0,-7.2431263674137991e-06,0,0,0,0,0,-0.70710678118654746
cyclic_bias025_four_substeps,14,0.014,0.4375,4,4,0,0,0,0,0,0,-0.00043221700163628067,0,0,0,0,0,0.00095670858091272473,0.0019134171618254495,26.765700443015486,22.024540660432315,0.32900940989792626,-0.018998747830538898,0,-26.728738862481752,-26.728738862481752,-26.839623604082949,0,0,12.715713322199905,0.0013809308152582364,0.0013809308152582364,-0.0027618616305166055,0,0,0.47507493216072638,0.0013267786166635909,0.0013267786166635909,-0.0026535572333269372,0,0,0.73760576603438577,0,0,0,0,0,0,0.0016183520802864793,0.0016183520802864793,-0.0032367041605747748,0,0,-0.70710122529213071,-0.0071515331535727924,-0.0071515331535727924,0.014303066307145574,0,0,-0.099180459566381982,0.34990415232412386,4.6899190603585073,0.0034678214401627984,0.00027839468753634514,0.60099999999999998,1,0,0,0,-4.0666035260229085e-06,-1.1238750458530933e-05,-6.1607522617487923e-05,6.8779669549995945e-05,26.266666666666666,0.32927025145912509,0.020633900864998785,0.03941023422541079,0.03941023422541079,-0.078820468450814474,0,0,21.909620520210407,0.90361392760311021,12,1,0.44056333229410505,1.0000000000383171,0.84999999998146036,6.8666666666666671,6.8666666666666671,-13.733333333333334,0,0,10,0,0,0,0,0,0.38071065989847719,-0.28764599817373238,-0.28764599817373238,0.57529199634746508,0,0,0.50177618437298455,0.5384061785684372,1,0,0,-4.0666035260229085e-06,0,0,0,0,0,-0.70710678118654757
cyclic_bias025_four_substeps,15,0.014999999999999999,0.46875,4,4,0,0,0,0,0,0,-0.00046898277587240322,0,0,0,0,0,0.00048772580504032151,0.00097545161008064302,24.485708387925715,17.905521043386344,0.38608305900982576,0.067802980155112325,0,-24.450223762085091,-24.450223762085091,-24.556677639606971,0,0,10.337574689889173,0.0014491974370700923,0.0014491974370700923,-0.0028983948741400398,0,0,0.42218809952775521,0.0013267786166635909,0.0013267786166635909,-0.0026535572333269372,0,0,0.73760576603438577,0,0,0,0,0,0,0.001829228390131054,0.001829228390131054,-0.0036584567802643232,0,0,-0.70709968305076332,-0.0071515331535727924,-0.0071515331535727924,0.014303066307145574,0,0,-0.099180459566381982,0.37903124195973859,3.6854944605731785,0.0036033397127426862,0.00041391296011623299,0.60099999999999998,1,0,0,0,-7.1622574396489919e-07,4.1279612798072752e-05,-0.00010802150783190974,6.6025669289872092e-05,26.266666666666666,0.35922354117277694,0.019807700786961629,0.03941023422541079,0.03941023422541079,-0.078820468450814474,0,0,21.909620520210407,0.90361392760311021,12,1,0.44056333229410505,1.0000000000383171,0.84999999998146036,6.8666666666666671,6.8666666666666671,-13.733333333333334,0,0,10,0,0,0,0,0,0.38071065989847719,-0.28764599817373238,-0.28764599817373238,0.57529199634746508,0,0,0.50177618437298455,0.5384061785684372,1,0,0,-7.1622574396489919e-07,0,0,0,0,0,-0.70710678118654757
cyclic_bias025_four_substeps,16,0.016,0.5,4,4,0,0,0,0,0,0,-0.00048772580504032119,0,0,0,0,0,3.2526065174565133e-19,6.5052130349130266e-19,21.391366774511443,13.338699229924032,0.46357669699485304,0.18560786391453898,0,-21.358584101664231,-21.358584101664231,-21.456932120205877,0,0,7.7008922602865724,0.0015325188517770194,0.0015325188517770194,-0.0030650377035540389,0,0,0.36000001035288925,0.0013267786166635909,0.0013267786166635909,-0.0026535572333269372,0,0,0.73760576603438577,0,0,0,0,0,0,0.0020068738290886044,0.0020068738290886044,-0.0040137476581778757,0,0,-0.7070982374269521,-0.0071515331535727924,-0.0071515331535727924,0.014303066307145574,0,0,-0.099180459566381982,0.3925683425819661,2.8877921082020328,0.0037923738551195775,0.00060294710249312418,0.60099999999999998,1,0,0,0,2.9958129306121997e-06,0.00011791294457526434,-0.000177277151212976,6.2360019568323855e-05,26.266666666666666,0.37386033671146895,0.018708005870497157,0.03941023422541079,0.03941023422541079,-0.078820468450814474,0,0,21.909620520210407,0.90361392760311021,12,1,0.44056333229410505,1.0000000000383171,0.84999999998146036,6.8666666666666671,6.8666666666666671,-13.733333333333334,0,0,10,0,0,0,0,0,0.38071065989847719,-0.28764599817373238,-0.28764599817373238,0.57529199634746508,0,0,0.50177618437298455,0.5384061785684372,1,0,0,2.9958129306121997e-06,0,0,0,0,0,-0.70710678118654746
cyclic_bias025_four_substeps,17,0.017000000000000001,0.53125,4,4,0,0,0,0,0,0,-0.00048772580504032124,0,0,0,0,0,-0.00048772580504032092,-0.00097545161008064183,17.573028402717611,8.7319361959105706,0.55926675940149861,0.33097607603866963,-1.3552527156068805e-20,-17.544877792106391,-17.544877792106391,-17.629329623940055,0,0,5.0411499223078424,0.0016019214199227334,0.0016019214199227334,-0.0032038428398450626,0,0,0.28686859241223578,0.0013267786166635909,0.0013267786166635909,-0.0026535572333269372,0,0,0.73760576603438577,0,0,0,0,0,0,0.0020624179393639304,0.0020624179393639304,-0.004124835878727774,0,0,-0.70709775794916097,-0.0071515331535727924,-0.0071515331535727924,0.014303066307145574,0,0,-0.099180459566381982,0.39006243942824403,2.2475153948263311,0.0040507663770439611,0.00086133962441750775,0.60099999999999998,1,0,0,0,6.7356923224859526e-06,0.00022316278669567464,-0.00027409148158816362,5.7664387214974937e-05,26.266666666666666,0.37276312326375155,0.017299316164492481,0.03941023422541079,0.03941023422541079,-0.078820468450814474,0,0,21.909620520210407,0.90361392760311021,12,1,0.44056333229410505,1.0000000000383171,0.84999999998146036,6.8666666666666671,6.8666666666666671,-13.733333333333334,0,0,10,0,0,0,0,0,0.38071065989847719,-0.28764599817373238,-0.28764599817373238,0.57529199634746508,0,0,0.50177618437298455,0.5384061785684372,1,0,0,6.7356923224859526e-06,0,0,0,0,0,-0.70710678118654757
cyclic_bias025_four_substeps,18,0.018000000000000002,0.5625,4,4,0,0,0,0,0,0,-0.00046898277587240327,0,0,0,0,0,-0.00095670858091272419,-0.0019134171618254484,13.467543742541116,4.7618533751257246,0.66223541351205018,0.48727625345655645,6.7762635780344027e-21,-13.446023884052675,-13.446023884052675,-13.510583459517994,0,0,2.7490046457710222,0.0015979052230929388,0.0015979052230929388,-0.0031958104461860095,0,0,0.20412071409038751,0.0013267786166635909,0.0013267786166635909,-0.0026535572333269372,0,0,0.73760576603438577,0,0,0,0,0,0,0.001895557710002601,0.001895557710002601,-0.0037911154200055423,0,0,-0.70709915894653985,-0.0071515331535727924,-0.0071515331535727924,0.014303066307145574,0,0,-0.099180459566381982,0.37310011442339153,1.7449838768164041,0.0043841175265562134,0.0011946907739297608,0.60099999999999998,1,0,0,0,9.9522908841880633e-06,0.0003545370971174439,-0.00039669473024099192,5.2109924007736094e-05,26.266666666666666,0.35746713722107071,0.01563297720232083,0.03941023422541079,0.03941023422541079,-0.078820468450814474,0,0,21.909620520210407,0.90361392760311021,12,1,0.44056333229410505,1.0000000000383171,0.84999999998146036,6.8666666666666671,6.8666666666666671,-13.733333333333334,0,0,10,0,0,0,0,0,0.38071065989847719,-0.28764599817373238,-0.28764599817373238,0.57529199634746508,0,0,0.50177618437298455,0.5384061785684372,1,0,0,9.9522908841880633e-06,0,0,0,0,0,-0.70710678118654746
cyclic_bias025_four_substeps,19,0.019,0.59375,4,4,0,0,0,0,0,0,-0.00043221700163628078,0,0,0,0,0,-0.001388925582549005,-0.0027778511650980099,9.7306872595315657,1.9775867839316397,0.75601503742702481,0.62954236321580326,5.4210108624275222e-20,-9.7163316378378433,-9.7163316378378433,-9.7593985029190087,0,0,1.1414894850024049,0.001475293708536418,0.001475293708536418,-0.0029505874170726535,0,0,0.11730820799777261,0.0013267786166635909,0.0013267786166635909,-0.0026535572333269372,0,0,0.73760576603438577,0,0,0,0,0,0,0.0015112535818150813,0.0015112535818150813,-0.0030225071636303482,0,0,-0.70710193631316998,-0.0071515331535727924,-0.0071515331535727924,0.014303066307145574,0,0,-0.099180459566381982,0.34627141762842556,1.3673877473744767,0.0047761818031610299,0.0015867550505345776,0.60099999999999998,1,0,0,0,1.2202041181645716e-05,0.00049925720844952578,-0.00053330074526582009,4.6245577997939971e-05,26.266666666666666,0.33239774422904356,0.013873673399381992,0.03941023422541079,0.03941023422541079,-0.078820468450814474,0,0,21.909620520210407,0.90361392760311021,12,1,0.44056333229410505,1.0000000000383171,0.84999999998146036,6.8666666666666671,6.8666666666666671,-13.733333333333334,0,0,10,0,0,0,0,0,0.38071065989847719,-0.28764599817373238,-0.28764599817373238,0.57529199634746508,0,0,0.50177618437298455,0.5384061785684372,1,0,0,1.2202041181645716e-05,0,0,0,0,0,-0.70710678118654746
cyclic_bias025_four_substeps,20,0.02,0.625,4,4,0,0,0,0,0,0,-0.00037884137041736365,0,0,0,0,0,-0.0017677669529663686,-0.0035355339059327372,6.8519283443844374,0.41661374042452021,0.82826465964019258,0.73913978384323209,-6.7762635780344027e-21,-6.8431857093805091,-6.8431857093805091,-6.869413614392295,0,0,0.24005492823463151,0.0012759378914250251,0.0012759378914250251,-0.0025518757828497914,0,0,0.03503465246121127,0.0013267786166635909,0.0013267786166635909,-0.0026535572333269372,0,0,0.73760576603438577,0,0,0,0,0,0,0.0010768169578738462,0.0010768169578738462,-0.0021536339157482514,0,0,-0.70710432143759216,-0.0071515331535727924,-0.0071515331535727924,0.014303066307145574,0,0,-0.099180459566381982,0.31606265326271521,1.0981528940969312,0.0051866520377172971,0.0019972252850908455,0.60099999999999998,1,0,0,0,1.3459747345649854e-05,0.00063803869928094484,-0.00066538728536358154,4.080833342828654e-05,26.266666666666666,0.30382015323422923,0.012242500028485962,0.03941023422541079,0.03941023422541079,-0.078820468450814474,0,0,21.909620520210407,0.90361392760311021,12,1,0.44056333229410505,1.0000000000383171,0.84999999998146036,6.8666666666666671,6.8666666666666671,-13.733333333333334,0,0,10,0,0,0,0,0,0.38071065989847719,-0.28764599817373238,-0.28764599817373238,0.57529199634746508,0,0,0.50177618437298455,0.5384061785684372,1,0,0,1.3459747345649854e-05,0,0,0,0,0,-0.70710678118654746
cyclic_bias025_four_substeps,21,0.021000000000000001,0.65625,4,4,0,0,0,0,0,0,-0.00031090707778999452,0,0,0,0,0,-0.0020786740307563631,-0.0041573480615127263,4.9222237905153516,0.29584864309206993,0.8766761105070926,0.81260569325449172,-2.0328790734103208e-20,-4.9168578959148794,-4.9168578959148794,-4.9329555797162961,0,0,-0.17055525419019746,0.001090136253213795,0.001090136253213795,-0.00218027250642759,0,0,-0.034650040601331637,0.0013267786166635909,0.0013267786166635909,-0.0026535572333269372,0,0,0.73760576603438577,0,0,0,0,0,0,0.0007529945889756148,0.0007529945889756148,-0.0015059891779513127,0,0,-0.70710557839508448,-0.0071515331535727924,-0.0071515331535727924,0.014303066307145574,0,0,-0.099180459566381982,0.28836299367772539,0.91607561649829461,0.0055647718162889215,0.0023753450636624699,0.60099999999999998,1,0,0,0,1.4030653091434346e-05,0.00075419080261908324,-0.00077653253502961363,3.6372385501964799e-05,26.266666666666666,0.27745127802713593,0.010911715650589441,0.03941023422541079,0.03941023422541079,-0.078820468450814474,0,0,21.909620520210407,0.90361392760311021,12,1,0.44056333229410505,1.0000000000383171,0.84999999998146036,6.8666666666666671,6.8666666666666671,-13.733333333333334,0,0,10,0,0,0,0,0,0.38071065989847719,-0.28764599817373238,-0.28764599817373238,0.57529199634746508,0,0,0.50177618437298455,0.5384061785684372,1,0,0,1.4030653091434346e-05,0,0,0,0,0,-0.70710678118654757
cyclic_bias025_four_substeps,22,0.021999999999999999,0.6875,4,4,0,0,0,0,0,0,-0.00023102480052185305,0,0,0,0,0,-0.0023096988312782162,-0.0046193976625564324,3.7669974197057869,0.56486933345431956,0.90564371517349085,0.85658639265079495,6.7762635780344027e-21,-3.7633704330284972,-3.7633704330284972,-3.7742513930603661,0,0,-0.32606695047996515,0.00096283227015670652,0.00096283227015670652,-0.0019256645403132951,0,0,-0.086558846250930507,0.0013267786166635909,0.0013267786166635909,-0.0026535572333269372,0,0,0.73760576603438577,0,0,0,0,0,0,0.00056598306091728146,0.00056598306091728146,-0.0011319661218350454,0,0,-0.70710610164919674,-0.0071515331535727924,-0.0071515331535727924,0.014303066307145574,0,0,-0.099180459566381982,0.26696434583870488,0.80097846065934963,0.0058657128759039478,0.0026762861232774954,0.60099999999999998,1,0,0,0,1.42457582739806e-05,0.00083876623458429254,-0.00085771858401238212,3.3198107702070145e-05,26.266666666666666,0.25700491352808386,0.0099594323106210435,0.03941023422541079,0.03941023422541079,-0.078820468450814474,0,0,21.909620520210407,0.90361392760311021,12,1,0.44056333229410505,1.0000000000383171,0.84999999998146036,6.8666666666666671,6.8666666666666671,-13.733333333333334,0,0,10,0,0,0,0,0,0.38071065989847719,-0.28764599817373238,-0.28764599817373238,0.57529199634746508,0,0,0.50177618437298455,0.5384061785684372,1,0,0,1.42457582739806e-05,0,0,0,0,0,-0.70710678118654757
cyclic_bias025_four_substeps,23,0.023,0.71875,4,4,0,0,0,0,0,0,-0.00014226436972985959,0,0,0,0,0,-0.0024519632010080758,-0.0049039264020161516,3.1704099750109624,0.64894823391779843,0.92059810353518123,0.87929911262648619,-3.3881317890172014e-20,-3.167577033220069,-3.167577033220069,-3.1760758585927493,0,0,-0.37463830569066403,0.00089355692583059198,0.00089355692583059198,-0.001787113851661184,0,0,-0.1181671483005502,0.0013267786166635909,0.0013267786166635909,-0.0026535572333269372,0,0,0.73760576603438577,0,0,0,0,0,0,0.00047622799836123734,0.00047622799836123734,-0.00095245599672259579,0,0,-0.70710630008555342,-0.0071515331535727924,-0.0071515331535727924,0.014303066307145574,0,0,-0.099180459566381982,0.25372961271931088,0.73796223434984876,0.006058084193912512,0.0028686574412860604,0.60099999999999998,1,0,0,0,1.4312334002014276e-05,0.00088923289626904661,-0.00090624382655190606,3.1323264284873735e-05,26.266666666666666,0.24433263343384876,0.0093969792854621207,0.03941023422541079,0.03941023422541079,-0.078820468450814474,0,0,21.909620520210407,0.90361392760311021,12,1,0.44056333229410505,1.0000000000383171,0.84999999998146036,6.8666666666666671,6.8666666666666671,-13.733333333333334,0,0,10,0,0,0,0,0,0.38071065989847719,-0.28764599817373238,-0.28764599817373238,0.57529199634746508,0,0,0.50177618437298455,0.5384061785684372,1,0,0,1.4312334002014276e-05,0,0,0,0,0,-0.70710678118654757
cyclic_bias025_four_substeps,24,0.024,0.75,4,4,0,0,0,0,0,0,-4.803679899192427e-05,0,0,0,0,0,-0.0025000000000000001,-0.0050000000000000001,2.9878823862566501,0.66586541148117073,0.925172623505364,0.88624813250291945,-2.7105054312137611e-20,-2.9852760494922559,-2.9852760494922559,-2.9930950597854382,0,0,-0.38441106872939368,0.00087230232902828209,0.00087230232902828209,-0.0017446046580564154,0,0,-0.12865669361604312,0.0013267786166635909,0.0013267786166635909,-0.0026535572333269372,0,0,0.73760576603438577,0,0,0,0,0,0,0.00045056458586008931,0.00045056458586008931,-0.00090112917172053848,0,0,-0.70710635054046989,-0.0071515331535727924,-0.0071515331535727924,0.014303066307145574,0,0,-0.099180459566381982,0.24931261507725486,0.71811031721274243,0.0061241398328641299,0.0029347130802376783,0.60099999999999998,1,0,0,0,1.432556720548692e-05,0.00090589694057625902,-0.00092227851172007648,3.0707138349304414e-05,26.266666666666666,0.24010047357246353,0.0092121415047913234,0.03941023422541079,0.03941023422541079,-0.078820468450814474,0,0,21.909620520210407,0.90361392760311021,12,1,0.44056333229410505,1.0000000000383171,0.84999999998146036,6.8666666666666671,6.8666666666666671,-13.733333333333334,0,0,10,0,0,0,0,0,0.38071065989847719,-0.28764599817373238,-0.28764599817373238,0.57529199634746508,0,0,0.50177618437298455,0.5384061785684372,1,0,0,1.432556720548692e-05,0,0,0,0,0,-0.70710678118654757
cyclic_bias025_four_substeps,25,0.025000000000000001,0.78125,4,4,1,0,0,0,0,0,4.8036798991923837e-05,0,0,0,0,0,-0.0024519632010080762,-0.0049039264020161524,3.4285163519290909,0.12531888973577998,0.91415864725517371,0.86947272771843565,-2.7105054312137611e-20,-3.4259474729971093,-3.4259474729971093,-3.433654109793054,0,0,-0.072215953624998899,0.00074926839142434919,0.00074926839142434919,-0.0014985367828483098,0,0,-0.021063324835643799,0.00082888983447592301,0.00082888983447592301,-0.0016577796689517049,0,0,-0.12225374383032737,0.0013267786166635909,0.0013267786166635909,-0.0026535572333269372,0,0,0.73760576603438577,0.00069643090351623779,0.00069643090351623779,-0.001392861807034783,0,0,0.70710575231148409,-0.0071515331535727924,-0.0071515331535727924,0.014303066307145574,0,0,-0.099180459566381982,0.025064509852203827,7.6825907897623855,0.0061310594846673032,6.919651803173849e-06,0.60099999999999998,2,0,0,0,-2.4993940365537313e-05,0.00086670125601779474,-0.00092233863148691092,3.0643435103578856e-05,26.266666666666666,0.015871479321130168,0.0091930305310736569,0.0026063367643938129,0.0026063367643938129,-0.005212673528788514,0,0,-0.38441106872939368,0.60016467104025328,3.544912275621666,2,0.44056333229410505,1.0000000000383171,0.84999999998146036,6.8666666666666671,6.8666666666666671,-13.733333333333334,0,0,10,0,0,0,0,0,0.38071065989847719,-0.0011673159688767923,-0.0011673159688767923,0.0023346319377533734,0,0,-0.70710389061317314,0.5384061785684372,1,0,0,-2.4993940365537313e-05,0,0,0,0,0,0.70710678118654746
cyclic_bias025_four_substeps,26,0.026000000000000002,0.8125,4,4,0,0,0,0,0,0,0.00014226436972985959,0,0,0,0,0,-0.0023096988312782166,-0.0046193976625564332,3.3920755572137948,0.98325842907213612,0.91508616456431435,0.87086006761876411,-1.0164395367051604e-20,-3.3898366271069782,-3.3898366271069782,-3.3965534174274277,0,0,0.56767127314705534,0.00066004723923520801,0.00066004723923520801,-0.001320094478470678,0,0,0.16735219000054732,0.00082888983447592301,0.00082888983447592301,-0.0016577796689517049,0,0,-0.12225374383032737,0.0013267786166635909,0.0013267786166635909,-0.0026535572333269372,0,0,0.73760576603438577,0.00049869835879045828,0.00049869835879045828,-0.00099739671758106228,0,0,0.70710625361386881,-0.0071515331535727924,-0.0071515331535727924,0.014303066307145574,0,0,-0.099180459566381982,0.048357129511120818,1.8274074543218002,0.0062070395401269242,8.2899707262794954e-05,0.60099999999999998,2,0,0,0,-2.4993940365537313e-05,0.00086981396546719576,-0.00092475866992326131,2.9950764090528214e-05,26.266666666666666,0.039371900283962355,0.0089852292271584647,0.0026063367643938129,0.0026063367643938129,-0.005212673528788514,0,0,-0.38441106872939368,0.60016467104025328,3.544912275621666,2,0.44056333229410505,1.0000000000383171,0.84999999998146036,6.8666666666666671,6.8666666666666671,-13.733333333333334,0,0,10,0,0,0,0,0,0.38071065989847719,-0.0011673159688767923,-0.0011673159688767923,0.0023346319377533734,0,0,-0.70710389061317314,0.5384061785684372,1,0,0,-2.4993940365537313e-05,0,0,0,0,0,0.70710678118654757
cyclic_bias025_four_substeps,27,0.027,0.84375,4,4,0,0,0,0,0,0,0.00023102480052185305,0,0,0,0,0,-0.0020786740307563636,-0.0041573480615127271,3.2834257309881605,1.9916290054385726,0.91783394212577418,0.87499648232278582,4.7433845046240819e-20,-3.2818174389977246,-3.2818174389977246,-3.2866423149690323,0,0,1.1498641681920665,0.00048982133972356307,0.00048982133972356307,-0.00097964267944753184,0,0,0.35020258181567282,0.00082888983447592301,0.00082888983447592301,-0.0016577796689517049,0,0,-0.12225374383032737,0.0013267786166635909,0.0013267786166635909,-0.0026535572333269372,0,0,0.73760576603438577,0.00031264672726161944,0.00031264672726161944,-0.00062529345452312407,0,0,0.70710657383174702,-0.0071515331535727924,-0.0071515331535727924,0.014303066307145574,0,0,-0.099180459566381982,0.03653675988997504,0.70768497714178569,0.0064188666760154073,0.0002947268431512786,0.60099999999999998,2,0,0,0,-2.4993940365537313e-05,0.00087922566273047008,-0.000932311775836007,2.8092172739999518e-05,26.266666666666666,0.028109108067975182,0.0084276518219998549,0.0026063367643938129,0.0026063367643938129,-0.005212673528788514,0,0,-0.38441106872939368,0.60016467104025328,3.544912275621666,2,0.44056333229410505,1.0000000000383171,0.84999999998146036,6.8666666666666671,6.8666666666666671,-13.733333333333334,0,0,10,0,0,0,0,0,0.38071065989847719,-0.0011673159688767923,-0.0011673159688767923,0.0023346319377533734,0,0,-0.70710389061317314,0.5384061785684372,1,0,0,-2.4993940365537313e-05,0,0,0,0,0,0.70710678118654757
cyclic_bias025_four_substeps,28,0.028000000000000001,0.875,4,4,0,0,0,0,0,0,0.0003109070777899943,0,0,0,0,0,-0.0017677669529663693,-0.0035355339059327385,3.1626556314934562,2.6707849931007228,0.92088512136763545,0.87959432875024912,4.7433845046240819e-20,-3.1616858745928949,-3.1616858745928949,-3.1645951452945802,0,0,1.541977519887586,0.00030662740859468447,0.00030662740859468447,-0.00061325481718894773,0,0,0.48755783099895683,0.00082888983447592301,0.00082888983447592301,-0.0016577796689517049,0,0,-0.12225374383032737,0.0013267786166635909,0.0013267786166635909,-0.0026535572333269372,0,0,0.73760576603438577,0.00017182535659497541,0.00017182535659497541,-0.00034365071318965504,0,0,0.7071067185567822,-0.0071515331535727924,-0.0071515331535727924,0.014303066307145574,0,0,-0.099180459566381982,0.020171429291748144,0.31518702355679129,0.0067799023208977831,0.00065576248803365413,0.60099999999999998,2,0,0,0,-2.4993940365537313e-05,0.00088992796688984661,-0.00094009268662485963,2.5170779369475625e-05,26.266666666666666,0.012620195480905459,0.0075512338108426873,0.0026063367643938129,0.0026063367643938129,-0.005212673528788514,0,0,-0.38441106872939368,0.60016467104025328,3.544912275621666,2,0.44056333229410505,1.0000000000383171,0.84999999998146036,6.8666666666666671,6.8666666666666671,-13.733333333333334,0,0,10,0,0,0,0,0,0.38071065989847719,-0.0011673159688767923,-0.0011673159688767923,0.0023346319377533734,0,0,-0.70710389061317314,0.5384061785684372,1,0,0,-2.4993940365537313e-05,0,0,0,0,0,0.70710678118654757
cyclic_bias025_four_substeps,29,0.029000000000000001,0.90625,4,4,0,0,0,0,0,0,0.00037884137041736387,0,0,0,0,0,-0.0013889255825490054,-0.0027778511650980108,3.0817322146181847,3.0736588219248362,0.92293088008922386,0.88267516949423153,-2.3716922523120409e-20,-3.0812159237117549,-3.0812159237117549,-3.0827647964310443,0,0,1.7745775229229137,0.00016753269605346337,0.00016753269605346337,-0.00033506539210692674,0,0,0.57583767807767727,0.00082888983447592301,0.00082888983447592301,-0.0016577796689517049,0,0,-0.12225374383032737,0.0013267786166635909,0.0013267786166635909,-0.0026535572333269372,0,0,0.73760576603438577,8.5447839236960779e-05,8.5447839236960779e-05,-0.00017089567847404228,0,0,0.70710676569808062,-0.0071515331535727924,-0.0071515331535727924,0.014303066307145574,0,0,-0.099180459566381982,0.0080129232479238966,0.14556842921082655,0.00726825613751776,0.0011441163046536306,0.60099999999999998,2,0,0,0,-2.4993940365537313e-05,0.00089724865165443062,-0.00094392337289608992,2.1680780876121976e-05,26.266666666666666,0.0015086889850873034,0.006504234262836593,0.0026063367643938129,0.0026063367643938129,-0.005212673528788514,0,0,-0.38441106872939368,0.60016467104025328,3.544912275621666,2,0.44056333229410505,1.0000000000383171,0.84999999998146036,6.8666666666666671,6.8666666666666671,-13.733333333333334,0,0,10,0,0,0,0,0,0.38071065989847719,-0.0011673159688767923,-0.0011673159688767923,0.0023346319377533734,0,0,-0.70710389061317314,0.5384061785684372,1,0,0,-2.4993940365537313e-05,0,0,0,0,0,0.70710678118654757
cyclic_bias025_four_substeps,30,0.029999999999999999,0.9375,4,4,0,0,0,0,0,0,0.00043221700163627937,0,0,0,0,0,-0.00095670858091272603,-0.0019134171618254521,3.0918810245914727,3.3548178051614777,0.92269013931461918,0.88228879348002009,3.3881317890172014e-20,-3.0916243231795937,-3.0916243231795937,-3.0923944274152304,0,0,1.9369049118604953,8.3024349849467562e-05,8.3024349849467562e-05,-0.00016604869969922238,0,0,0.62644872052164979,0.00082888983447592301,0.00082888983447592301,-0.0016577796689517049,0,0,-0.12225374383032737,0.0013267786166635909,0.0013267786166635909,-0.0026535572333269372,0,0,0.73760576603438577,3.9502381274249398e-05,3.9502381274249398e-05,-7.9004762548390539e-05,0,0,0.70710677787635834,-0.0071428326598500375,-0.0071428326598500375,0.014285665319700065,0,0,-0.10193637259027746,-0.010662121057106339,0.067115065285912628,0.0078461311417229972,0.0017219913088588673,0.60099999999999998,2,0,0,0,-2.4993940365537313e-05,0.00089632374569108698,-0.00094414064463970316,2.2822958583078799e-05,26.266666666666666,0,-0.010662121057106339,0.0026063367643938129,0.0026063367643938129,-0.005212673528788514,0,0,-0.38441106872939368,0.60016467104025328,3.544912275621666,2,0.44056333229410505,1.0000000000383171,0.84999999998146036,6.8666666666666671,6.8666666666666671,-13.733333333333334,0,0,10,0,0,0,0,0,0.38071065989847719,-0.0011673159688767923,-0.0011673159688767923,0.0023346319377533734,0,0,-0.70710389061317314,0.5384061785684372,1,0,0,-2.4993940365537313e-05,0,0,0,0,0,0.70710678118654757
cyclic_bias025_four_substeps,31,0.031,0.96875,4,4,0,0,0,0,0,0,0.0004689827758724042,0,0,0,0,0,-0.00048772580504032184,-0.00097545161008064367,3.1888753254317748,3.6091914163383825,0.92027187295141744,0.87859611705208973,-3.3881317890172014e-20,-3.1887504471760115,-3.1887504471760115,-3.1891250819433017,0,0,2.083767624554095,3.9160595200370325e-05,3.9160595200370325e-05,-7.8321190400462132e-05,0,0,0.65344907276108444,0.00082888983447592301,0.00082888983447592301,-0.0016577796689517049,0,0,-0.12225374383032737,0.0013267786166635909,0.0013267786166635909,-0.0026535572333269372,0,0,0.73760576603438577,1.8158274014984044e-05,1.8158274014984044e-05,-3.6316548029629905e-05,0,0,0.70710678048709952,-0.0071059377351649885,-0.0071059377351649885,0.014211875470329968,0,0,-0.11349185273134683,-0.017900926913824229,0.030299623873981482,0.0084793972828545554,0.0023552574499904255,0.60099999999999998,2,0,0,0,-2.4993940365537313e-05,0.00088758216765997514,-0.00094414064463970316,3.1564536614190709e-05,26.266666666666666,0,-0.017900926913824229,0.0026063367643938129,0.0026063367643938129,-0.005212673528788514,0,0,-0.38441106872939368,0.60016467104025328,3.544912275621666,2,0.44056333229410505,1.0000000000383171,0.84999999998146036,6.8666666666666671,6.8666666666666671,-13.733333333333334,0,0,10,0,0,0,0,0,0.38071065989847719,-0.0011673159688767923,-0.0011673159688767923,0.0023346319377533734,0,0,-0.70710389061317314,0.5384061785684372,1,0,0,-2.4993940365537313e-05,0,0,0,0,0,0.70710678118654746
cyclic_bias025_four_substeps,32,0.032000000000000001,1,4,4,0,0,0,0,0,0,0.00048772580504032124,0,0,0,0,0,-5.9631119486702744e-19,-1.1926223897340549e-18,3.335027553389784,3.8539414950724269,0.91662131006935677,0.87303194593693711,-4.0657581468206416e-20,-3.3349675314718112,-3.3349675314718112,-3.335147597225729,0,0,2.2250741571924757,1.7997427910816407e-05,1.7997427910816407e-05,-3.5994855821499654e-05,0,0,0.66718314064028317,0.00082888983447592301,0.00082888983447592301,-0.0016577796689517049,0,0,-0.12225374383032737,0.0013267786166635909,0.0013267786166635909,-0.0026535572333269372,0,0,0.73760576603438577,8.4786980826500159e-06,8.4786980826500159e-06,-1.6957396165430461e-05,0,0,0.70710678103404934,-0.0070516488497456998,-0.0070516488497456998,0.014103297699491389,0,0,-0.13037519290253385,-0.021409408120796142,0.013320074826436715,0.0091407975230431635,0.0030166576901790344,0.60099999999999998,2,0,0,0,-2.4993940365537313e-05,0.00087473085727032981,-0.00094414064463970316,4.4415847003836047e-05,26.266666666666666,0,-0.021409408120796142,0.0026063367643938129,0.0026063367643938129,-0.005212673528788514,0,0,-0.38441106872939368,0.60016467104025328,3.544912275621666,2,0.44056333229410505,1.0000000000383171,0.84999999998146036,6.8666666666666671,6.8666666666666671,-13.733333333333334,0,0,10,0,0,0,0,0,0.38071065989847719,-0.0011673159688767923,-0.0011673159688767923,0.0023346319377533734,0,0,-0.70710389061317314,0.5384061785684372,1,0,0,-2.4993940365537313e-05,0,0,0,0,0,0.70710678118654757
